{"type":["Topology","Topology"],"transform":{"scale":[0.0017670553225065367,0.0012461030136843383,0.0017670053603652154,0.001246103555165027],"translate":[-114.81337059380196,31.33168393952881,-109.04923396760276,31.332929221657775]},"arcs":[[[837,941],[433,0],[207,2]],[[1477,943],[233,0],[249,-5],[110,8],[169,0],[10,2],[220,0]],[[2468,948],[0,-69]],[[2468,879],[0,-558]],[[2468,321],[-343,-4],[-60,0],[1,-164],[-115,-1],[0,-77]],[[1951,75],[-566,254],[-548,240]],[[837,569],[0,372]],[[2468,321],[-5,-94],[0,-226]],[[2463,1],[-347,-1],[-165,75]],[[1844,2520],[30,21],[17,-29],[-26,-26],[54,6],[2,-48],[12,39],[84,22],[58,-63],[29,17],[78,-66],[62,-38],[37,27],[19,-30]],[[2300,2352],[0,-210],[423,0],[0,-340]],[[2723,1802],[0,-89],[-95,-12],[-97,-19],[-57,-37],[-9,-69],[32,-78],[-28,-3]],[[2469,1495],[-80,-49],[-23,7],[-52,-58],[-31,-69],[-99,237],[-11,50],[-37,100]],[[2136,1713],[-64,170],[-39,-61],[-37,45],[-58,95],[10,38],[-45,77],[3,66],[-28,-1]],[[1878,2142],[10,121],[-138,8],[26,116],[9,64],[60,43],[-1,26]],[[53,1113],[8,18],[22,-6],[28,6],[26,5],[22,28],[36,50],[3,46],[-7,17],[-3,39],[-17,42],[-3,0]],[[168,1358],[140,5],[1,348],[175,1],[0,-70],[353,0]],[[837,1642],[0,-490],[0,-211]],[[837,569],[-235,103],[-602,261],[1,23],[9,22],[-10,11],[8,23],[-6,19],[25,26],[26,56]],[[2468,879],[693,-2],[64,1]],[[3225,878],[38,0]],[[3263,878],[0,-274],[-1,-231],[0,-372],[-442,1],[-357,-1]],[[837,3368],[90,-18],[15,-22],[98,-69],[12,-29],[113,-40],[34,4],[86,-60],[58,19],[-1,-89],[60,-1],[1,-141],[185,2],[130,5],[0,-143],[128,-1],[-2,-265]],[[1878,2142],[-130,0],[-249,38],[-18,-59],[-45,-74],[-265,95],[-334,-1]],[[837,2141],[0,255]],[[837,2396],[0,956],[0,16]],[[104,1687],[18,46],[42,49],[-3,44],[2,44],[12,25],[4,21],[-4,33],[-9,54],[8,30],[-1,29],[-15,22],[14,23],[31,44],[11,25],[3,29],[1,11],[13,15],[32,19],[32,25],[36,16],[29,42],[22,16],[-1,35]],[[381,2384],[62,-35],[102,-6],[97,-34],[42,16],[37,62],[95,-12],[21,21]],[[837,2141],[0,-348],[0,-151]],[[168,1358],[-33,10],[-30,-4],[-24,5],[-20,54],[15,44],[1,57],[2,20],[-28,26],[9,28],[0,43],[-10,23],[29,11],[22,3],[3,9]],[[432,4423],[0,126],[48,0],[565,0],[38,0],[39,0],[161,0],[4,0]],[[1287,4549],[6,-39],[-41,-96],[-22,-127],[10,-63],[-22,-42],[21,-55],[-3,-67],[-30,-40],[-24,4],[-39,-49],[-41,-2],[-21,-23],[-60,-12],[-73,-59],[-34,-10],[-16,-50],[-53,5],[-20,-45],[21,-63],[-10,-38],[14,-40],[-13,-49],[0,-221]],[[381,2384],[0,2],[-18,32],[-52,45],[-40,39],[-25,0],[0,54],[-25,51],[-24,89],[-14,27],[-49,72],[-33,47],[3,56],[-2,47],[5,54],[3,42],[11,0],[15,14],[-8,99],[-23,119],[-21,32],[1,60],[6,69],[-21,33],[-4,66],[-4,65],[19,40],[-17,30],[-17,34],[-7,53],[0,44],[0,3],[4,28],[39,10],[22,19],[32,9],[34,-1],[14,-17],[22,-3],[17,16],[26,-2],[20,-28],[12,-37],[25,-21],[33,-16],[35,8],[7,22],[22,54],[30,59],[-1,60],[1,45],[-1,224],[-1,192]],[[1287,4549],[103,1],[535,0],[4,0],[72,-1],[120,2],[179,0],[0,0]],[[2300,4551],[-1,-1582],[1,-617]],[[3009,1863],[9,31],[65,38],[10,31],[170,1]],[[3263,1964],[0,-296],[0,-161],[0,-347],[0,0],[0,-282]],[[3225,878],[-63,83],[11,85],[-22,86],[-50,81],[-92,189],[0,461]],[[2723,1802],[56,-1],[6,-6]],[[2785,1795],[70,-75],[93,111],[61,32]],[[2468,948],[1,19],[0,528]],[[1477,943],[0,142],[1,452],[-1,51],[68,-85],[108,0],[13,-1],[104,1],[58,1],[2,209],[306,0]],[[2300,4551],[157,-4],[266,0]],[[2723,4547],[0,-1071],[99,0],[-10,-116],[0,-559],[-4,-140],[-8,-71],[10,-69],[-7,-278],[0,-280],[-18,0],[0,-168]],[[3264,4548],[0,-100],[0,-608],[0,-91],[0,-99],[0,-213],[-1,-201],[1,-152],[0,-173],[0,-305],[0,-46],[0,-519],[-1,-77]],[[2723,4547],[0,0],[286,1],[255,0]],[[2376,953],[5,0],[1,355],[580,2]],[[2962,1310],[1,-356],[51,0],[0,-418]],[[3014,536],[-146,0],[-25,0],[-349,0],[-116,0]],[[2378,536],[-2,417]],[[2,3748],[804,-2]],[[806,3746],[179,-1],[-1,-557]],[[984,3188],[-179,0],[0,34],[-60,0],[0,-34],[-416,1],[0,-6],[-1,-273],[-326,0]],[[2,2910],[0,173],[-1,152],[1,201],[0,213],[0,99]],[[1122,2908],[24,-69],[172,-1],[19,29],[149,-3],[5,-8],[2,-17]],[[1493,2839],[-30,-1],[0,-47],[-1,-75],[-2,-158],[29,1],[1,-66]],[[1490,2493],[-199,73],[-65,39],[-182,0]],[[1044,2605],[0,304],[78,-1]],[[1585,3719],[2,-29]],[[1587,3690],[-2,-73],[43,-9],[-43,-58]],[[1585,3550],[-96,51],[10,113],[86,5]],[[2167,4544],[37,0],[20,0],[220,-1],[221,0],[188,2]],[[2853,4545],[-1,-625]],[[2852,3920],[-242,0]],[[2610,3920],[-242,0],[0,35],[-269,0]],[[2099,3955],[8,115],[-17,36],[21,34],[-33,48],[15,68],[-11,36],[33,35],[46,-1],[1,100],[17,54],[-12,64]],[[2962,1310],[27,0],[0,345],[26,140],[119,1]],[[3134,1796],[260,0]],[[3394,1796],[-3,-146],[-2,-136],[-2,-209],[0,-88],[0,-210],[0,-53],[0,-302],[0,-46],[0,-70],[-148,0],[-225,0]],[[750,2604],[294,1]],[[1490,2493],[0,-145],[279,1]],[[1769,2349],[-1,-348],[-72,0],[0,-141],[-182,8],[0,-145]],[[1514,1723],[-57,-3],[-700,1]],[[757,1721],[-7,627],[0,256]],[[816,1021],[174,0]],[[990,1021],[1,-659]],[[991,362],[-71,0],[-444,0]],[[476,362],[-5,29],[0,36]],[[471,427],[-7,173],[0,350],[173,0],[0,70],[179,1]],[[1533,1380],[0,-76],[-21,0],[0,-767]],[[1512,537],[-137,-1],[-6,-23],[4,-46],[-7,-34],[30,-47],[31,-24],[-2,0],[-262,0],[-172,0]],[[990,1021],[0,141],[233,-2],[0,35],[310,185]],[[2112,1444],[233,5],[12,135],[-4,73],[-1,555]],[[2352,2212],[61,-1],[0,-70],[356,-4],[0,71],[119,-1]],[[2888,2207],[59,-1],[0,-210],[71,0],[-1,-131],[118,0],[-1,-69]],[[2376,953],[-284,-2],[21,356],[-1,137]],[[2853,4545],[155,1],[367,2],[47,0],[0,-73],[0,-188],[0,-58],[0,-82],[-22,0],[0,-357],[0,-254]],[[3400,3536],[-189,1]],[[3211,3537],[0,208],[6,69],[-243,0],[0,71],[-122,0],[0,35]],[[807,3921],[418,-2],[-1,-174],[362,2],[-1,-28]],[[1585,3550],[0,-251],[2,-165],[0,-18]],[[1587,3116],[-200,2],[-19,1],[-56,-1],[-18,0],[-246,1]],[[1048,3119],[-24,69],[-40,0]],[[806,3746],[1,175]],[[1886,3729],[84,-4],[22,31]],[[1992,3756],[62,95],[6,84],[39,20]],[[2610,3920],[12,-76],[50,-130],[-36,-83],[13,-61]],[[2649,3570],[-368,-9],[-3,-13],[-48,44],[-135,50],[-211,0]],[[1884,3642],[2,87]],[[3005,2625],[18,1],[1,70],[119,-1],[0,70],[59,0],[1,70],[60,-1],[0,72],[136,0]],[[3399,2906],[0,-166],[0,-103],[0,-192],[0,-54],[0,-8]],[[3399,2383],[-236,0],[-159,0],[1,242]],[[1048,3119],[74,-211]],[[750,2604],[-362,1],[-386,0]],[[2,2605],[0,305]],[[2353,2418],[0,207],[252,0],[0,70],[60,1],[0,69],[119,1]],[[2784,2766],[0,-140],[102,0]],[[2886,2626],[2,-419]],[[2352,2212],[1,206]],[[2127,2977],[0,140],[660,-1],[-1,-59]],[[2786,3057],[-2,-291]],[[2353,2418],[-238,0]],[[2115,2418],[13,210],[-1,349]],[[1,877],[0,282]],[[1,1159],[109,0],[1,-140],[117,0],[0,-69],[62,0],[-1,-350],[8,-174],[174,1]],[[476,362],[0,-228],[0,-134],[-283,0],[-86,0],[-107,0]],[[0,0],[0,372],[1,231],[0,274]],[[2886,2626],[119,-1]],[[3399,2383],[0,-152],[0,-27],[-2,-204],[-3,-204]],[[2,4547],[241,0],[136,0],[215,1],[293,0],[34,0]],[[921,4548],[-20,-36],[3,-41],[-82,-56],[-12,-24],[-3,-470]],[[2,3748],[0,91],[0,608],[0,100]],[[1533,1380],[-3,272]],[[1530,1652],[350,-1],[1,-68],[230,0],[1,-139]],[[2378,536],[-40,0],[-133,0],[-338,1],[-140,0],[-115,0],[-100,0]],[[1722,4544],[5,0],[158,0],[1,0],[104,1],[64,0],[96,-1],[17,0]],[[1992,3756],[-117,69],[-68,105],[-114,53],[11,23],[44,24],[12,86],[-24,202],[6,138],[-20,88]],[[1587,3690],[108,0],[-10,57],[201,1],[0,-19]],[[1884,3642],[3,-666]],[[1887,2976],[-271,-1],[-28,0]],[[1588,2975],[-1,141]],[[1588,2975],[0,-70],[53,0],[0,-67],[-148,1]],[[2649,3570],[196,0],[25,17],[143,-305],[50,-26]],[[3063,3256],[0,-120],[-125,19],[-152,-98]],[[2127,2977],[-240,-1]],[[1514,1723],[1,-71],[15,0]],[[816,1021],[-73,19],[9,119],[-29,61],[-5,80],[-43,40],[12,52],[-13,107],[-80,1]],[[594,1500],[0,222],[163,-1]],[[1,1963],[1,77],[0,519],[0,46]],[[594,1500],[-255,-1],[-338,7]],[[1,1506],[0,161],[0,296]],[[921,4548],[0,0],[308,0],[4,-6],[223,1],[75,0],[191,1]],[[1,1159],[0,0],[0,347]],[[1769,2349],[346,0],[0,69]],[[3063,3256],[145,6],[3,275]],[[3400,3536],[0,-93],[-1,-353],[0,-31],[0,-153]]],"objects":{"cb_2015_arizona_county_20m":{"type":"GeometryCollection","geometries":[{"arcs":[[0,1,2,3,4,5,6]],"type":"Polygon","properties":{"STATEFP":"04",